seed,num_tasks,spearman_rho,spearman_p,adjusted_num_tasks,partial_spearman_rho,partial_spearman_p
86,24,-0.136122565488251,0.5259339883454424,24,-0.10282759954662918,0.6325583569702665
87,24,-0.02729597200883065,0.899251467765293,24,-0.049230087571191294,0.8193038879703619
88,24,0.18565937559698265,0.3850801472025507,24,0.05533722937399371,0.7973174425406959
89,24,-0.00414883130821457,0.9846496319914013,24,0.11616285062237972,0.5888277887685914
90,24,-0.11956959613775404,0.5778681232405585,24,-0.09453779439666521,0.6603709525044322
91,24,0.31573965390384173,0.13284392731817457,24,0.346266231361388,0.09741258066145277
92,24,-0.30096463271442303,0.15297749264317306,24,-0.22622723914703444,0.28779248631162146
